Chemicals_ID,Name,length,PMID
C044555,(Pro-Pro-Gly),1,[9707343]
C023970,"), B(2) (",1,[12502318]
D005461,)F,1,[17815194]
D011059,)PO,1,[22840702]
D004161,"1,6-diphenyl-1,3,5-hexatriene",1,[1543716]
C004348,1-O-hexadecylglycerol,1,[8727645]
C033433,1-O-octadecylglycerol,1,[8727645]
C000614963,129I,1,[11827122]
C000614989,137Caesium,1,[10568266]
C000614989,137Cs,1,[10568266]
C000615229,13C,3,"[10724166, 11588258, 16959888]"
C000615234,14C,1,[1190762]
D000072317,"2,3,7,8-tetrachlorodibenzo-p-dioxin",2,"[19682678, 14987864]"
C094417,"2,3-di-O-phytanyl-sn-glycerol",1,[9680332]
C484217,"2,4,6-tribromoanisole",1,[19192777]
C028519,"2,6-dimethylnaphthalene",1,[18430013]
D008623,2-ME,1,[16607523]
C008229,2-ketogluconate,1,[19625435]
C027384,2-methylnaphthalene,1,[18430013]
D007656,2-oxoglutarate,1,[9707343]
C000615187,239Pu,1,[14654285]
C000615188,240Pu,1,[14654285]
C097300,3-Cyclohexylaminopropanesulfonic acid,1,[21321442]
D008748,3-MC,1,[22900608]
C104371,3-O-[(R)-1-carboxyethyl]-D-glucuronic acid,1,[8823906]
D020155,3-hydroxybutyrate,1,[19625435]
C000615311,32P,1,[29314978]
D014316,3H,2,"[12024238, 10568292]"
C000615206,3He,1,[10568292]
C007293,"4',6'-diamidino-2-phenylindole",1,[16332791]
C038193,4-hydroxybenzoate,1,[19625435]
C060809,4C,1,[1125858]
D019830,5'-N-ethylcarboxamidoadenosine,1,[29314978]
D012701,5-HT,1,[8877814]
C578082,5-methoxysterigmatocystin,1,[21119680]
C000615389,60Fe,2,"[15525065, 18851357]"
D000244,ADP,2,"[29314978, 11170013]"
D006841,AH,1,[18478171]
C003125,AMP,1,[10879855]
D000249,AMP,1,[16269773]
D000255,ATP,8,"[1319350, 24227320, 12819275, 18699783, 12740368, 8617264, 2931439, 22843576]"
D000255,ATPS,1,[20382244]
D000085,Acetate,1,[12892124]
C032159,Acetonitrile,1,[14533712]
D000241,Adenosine,1,[29314978]
D000362,Agar,1,[9818352]
D000535,Al,4,"[11508629, 21414636, 16607523, 17792748]"
D000409,Ala,1,[16598154]
C002956,Ala-Ala,1,[23012370]
D000423,Alcian blue,1,[18387836]
D000473,Alkane,1,[19943883]
C000615298,Aluminum-26,1,[17792748]
C025033,Am-N,1,[11571157]
D000641,Ammonia,2,"[23263870, 19712334]"
D064751,Ammonium,1,[7545383]
D000968,Antimycin A,1,[17166225]
C098980,Aplidin,1,[17153351]
D001128,Ar,1,[15092824]
D001120,Arginine,1,[12882969]
D006841,Aromatic Hydrocarbon,1,[18478171]
D006841,Aromatic hydrocarbon,1,[11372653]
D001151,Arsenic,1,[20483434]
C015001,Arsenite,1,[19160816]
D001151,As,2,"[18583004, 22371038]"
D001224,Asp,1,[20686828]
D001241,Aspirin,1,[16950076]
D000068258,Avastin,1,[22461855]
C517827,BDE 100,1,[19192777]
C038809,BP,1,[22187459]
D019289,BTs,2,"[12398406, 16205985]"
D001464,Ba,3,"[18224315, 22840702, 18583004]"
C561363,Benzoxacystol,1,[21505471]
D001729,Bi,1,[18583004]
D001966,Br,1,[22222829]
D001959,Bromate,1,[22840702]
D002244,C,8,"[22355782, 16348900, 17277228, 20547357, 17493812, 21687717, 20890848, 21688032]"
D002244,C(,1,[20547357]
C438934,C-glycoside,1,[22304344]
C400149,C1,1,[15761691]
C058899,C4,1,[21861153]
C014024,CB 153,1,[12685756]
D002104,CD,1,[23057655]
D017402,CFCs,1,[17802088]
C028213,CHAPS,1,[18051271]
D002248,CO,3,"[19801465, 22554535, 18790866]"
D002245,CO(2),26,"[12517981, 21097932, 21829635, 21695118, 22180817, 22449300, 21282152, 23263870, 21831420, 18833277, 20687053, 11060226, 16894174, 16348606, 16791191, 22554535, 16761196, 22678287, 17812165, 17576518, 22130603, 20615296, 18790866, 19381756, 17759647, 18664583]"
D002245,CO2,29,"[21673885, 15136755, 11589224, 10724166, 17901296, 21831420, 23449845, 18626013, 16971489, 20508128, 15265029, 9734046, 11598290, 12892124, 16836112, 22554535, 17839929, 8000284, 12148643, 16959888, 1190762, 12013430, 16119857, 18852090, 11008691, 20615296, 14742457, 16758861, 20140649]"
D003035,COBALT,1,[16589635]
C041069,COO,1,[19477106]
D003300,COPPER,1,[16589635]
D002586,CS,1,[23261779]
D002104,CS-DS,1,[23261779]
D000069285,Ca2+,6,"[18353634, 9680298, 12740368, 19353881, 18051271, 18461394]"
D002119,CaCO(3),3,"[21282152, 23272075, 22130603]"
D002122,CaCl(2),1,[18758902]
D002122,CaCl2,2,"[18353634, 15490156]"
C544384,Caboxamycin,1,[19198633]
D002104,Cadmium,1,[9563946]
D002118,Calcium,2,"[9676240, 17746622]"
D002142,Californium,1,[6841092]
D002241,Carbohydrates,1,[16926183]
D002244,Carbon,10,"[10846161, 17754037, 17839368, 24213898, 11598290, 18219285, 17847309, 16304953, 16347420, 10766240]"
D002248,Carbon Monoxide,1,[17733619]
D002245,Carbon dioxide,2,"[18626013, 20140649]"
D002254,Carbonate,2,"[17790802, 17806804]"
D002338,Carotenoid,1,[11118939]
D002338,Carotenoids,1,[16577777]
C017721,Casamino Acids,1,[16345220]
C017721,Casamino acids,1,[10319484]
D002104,Cd,9,"[11508629, 7167812, 20725529, 18097639, 21414636, 17229317, 16307081, 22371038, 16607523]"
C028213,Chaps,1,[16607523]
D002686,Chitin,1,[21235167]
D002706,Chlordane,1,[12398406]
D002706,Chlordanes,1,[10901654]
D002712,Chloride,1,[3837033]
D011078,Chlorobiphenyls,1,[17839567]
D017402,Chlorofluorocarbon,1,[10550046]
C034482,Cho,1,[14600400]
D002784,Cholesterol,2,"[4927014, 15964230]"
C529041,Ciliatamides A-,1,[18257536]
C000599013,Citharoxazole,1,[21761452]
D003035,Co,8,"[11482651, 17464071, 18097639, 848952, 18583004, 16607523, 15066859, 21184121]"
D002245,Co2+,1,[18051271]
C017144,Coelenterazine,3,"[19833098, 14583508, 15515099]"
D003300,Copper,1,[16289233]
D002857,Cr,1,[18583004]
C581652,Cristaxenicin A,1,[23057655]
D002586,Cs,4,"[18986686, 12782476, 16876294, 10879855]"
D003300,Cu,17,"[20483434, 11508629, 11341702, 11482651, 7167812, 17464071, 18097639, 848952, 21414636, 18583004, 17229317, 16348799, 15747087, 22371038, 16607523, 15066859, 11693652]"
D003903,D,1,[23170085]
D003903,D-[,1,[17734142]
C030691,D: -Gluconate,1,[21359849]
C007293,DAPI,2,"[15134883, 16332791]"
C056189,DBT,1,[12387391]
D003634,DDT,4,"[10901654, 19682678, 11833489, 23202382]"
D003634,DDTs,8,"[20169415, 19837437, 12398406, 10901654, 10705542, 17963791, 19682678, 11833489]"
C027493,DHA,2,"[7968276, 14577669]"
D004281,DHA,3,"[16535638, 15694592, 20549377]"
C024629,DMP,1,[18651216]
D004121,DMSO,1,[17220442]
D004161,DPH,1,[1543716]
C059372,DPT,1,[12387391]
D003903,DS,1,[23261779]
D004229,DTT,1,[16607523]
C025953,Da,1,[12147080]
D004147,Dioxins,1,[20169415]
D004221,Disulfiram,1,[30290491]
D004229,Dithiothreitol,1,[9676240]
D004281,Docosahexaenoic acid,1,[16535638]
D004492,EDTA,10,"[26059140, 17994287, 9676240, 9680298, 15747087, 17900925, 16607523, 504363, 19888572, 18051271]"
D015118,EPA,3,"[16535638, 18398463, 21518217]"
C100219,EPS,1,[18353634]
C408363,ES285,1,[17153351]
D004540,Es,1,[16836112]
D004492,Ethylenediaminetetraacetic acid,1,[9676240]
C414562,FOG,1,[2939274]
D005227,Fatty Acid,1,[16348900]
D005227,Fatty acid,1,[15694592]
D007501,Fe,15,"[18224315, 21695118, 11508629, 11341702, 11482651, 17778805, 12732565, 17464071, 22840702, 21414636, 22834904, 17229317, 15747087, 11693652, 21184121]"
D007501,FeS,1,[12732565]
D005557,Formaldehyde,1,[16307087]
D005557,Formalin,1,[17802356]
D037741,Fullerenes,1,[12804366]
D005650,Fumarate,1,[16348934]
C010680,G418,1,[19002837]
D006025,GAG,1,[23261779]
D006160,GTP,1,[29314978]
C094791,Gamma-indomycinone,1,[7623040]
D005973,Gln,1,[10719183]
D018698,Glu,1,[10525676]
D005947,Glucose,1,[9676240]
D005998,Glycine,2,"[25575382, 14676368]"
D006017,Glycolipid,1,[20547357]
D006027,Glycosides,2,"[12502318, 10075759]"
D006108,Graphite,1,[12804366]
D003903,H(2),7,"[22180817, 23263870, 16348606, 18163871, 17576518, 19381756, 19689705]"
D003903,H(2)S,1,[16348606]
D003903,H2,10,"[9680332, 23449845, 20370917, 9734046, 12892124, 18699783, 12148643, 22469147, 12013430, 14742457]"
D003903,H2S,5,"[9680332, 16797459, 11536615, 16119857, 10224031]"
D006581,HCB,7,"[12398406, 10901654, 10705542, 19682678, 11833489, 23202382, 22751780]"
D001556,HCHs,1,[12398406]
D001639,HCO(3),1,[21209665]
D001639,HCO3,1,[18699783]
D006851,HCl,5,"[11482651, 22840702, 17900925, 11693652, 15292952]"
D006371,He,3,"[675876, 12804366, 15092824]"
C038949,Heliox,1,[14594044]
D006371,Helium,3,"[17817428, 13098641, 17802550]"
C000615206,Helium-3,1,[17829270]
D008628,Hg,6,"[11508629, 11341702, 23178837, 17229317, 22371038, 16607523]"
D006639,His,2,"[16598154, 10719183]"
D006838,Hydrocarbon,3,"[11543277, 18478171, 20736401]"
D006859,Hydrogen,3,"[16348606, 10731600, 10568292]"
D006862,Hydrogen sulfide,1,[14742457]
D017665,Hydroxyl radical,1,[17810867]
D007532,Ile,1,[15596722]
D007455,Iodine,1,[11827122]
C103341,Irgarol 1051,1,[19680591]
D007495,Iridium,1,[18964014]
D007501,Iron,3,"[22435065, 17833982, 17752213]"
D007532,Isoleucine,1,[17751312]
D011189,KCl,1,[19544039]
C516606,Kahalalide,1,[17153351]
D007616,Kaolinite,1,[17734497]
D007737,Kynurenine,1,[1397130]
C030641,LAS,1,[22006264]
D008054,LPO,1,[20640522]
D007930,Leu,2,"[15596722, 7857197]"
D058116,Lewis acid,1,[22441203]
D008055,Lipid,4,"[10904864, 16329971, 9148682, 22140426]"
D008055,Lipids,1,[9560807]
C017475,Lucifer Yellow,1,[15677861]
D008274,MG,1,[16347302]
C042455,MK-6,2,"[17329768, 18684121]"
C517284,MMP,1,[18651216]
C070243,MTT,1,[17551210]
D008274,Magnesium,2,"[17813084, 15689218]"
D008345,Manganese,4,"[17753598, 17790381, 17749926, 17799981]"
C578642,Marthiapeptide A,1,[23215246]
D020926,Medetomidine,1,[19110694]
D008550,Melatonin,1,[8877814]
D024482,Menaquinone,1,[18326567]
D008628,Mercury,3,"[19666179, 15292952, 9652127]"
D008715,Met,1,[7857197]
D008697,Methane,3,"[15198039, 17787481, 24213898]"
D008274,Mg,9,"[18224315, 21805065, 11508629, 18175939, 22840702, 22834904, 17314978, 22222829, 15747087]"
D015636,MgCl2,1,[18541011]
D009020,Morphine,1,[21760818]
D009584,N,8,"[17615243, 21209665, 22916172, 20890848, 27068208, 11697249, 23226143, 15092824]"
C013195,N-(phosphonacetyl)-L-aspartate,1,[10037695]
D000117,N-acetyl-d-glucosamine,1,[16345148]
C002315,N-alpha-acetyllysine,1,[12486458]
C048599,N6-cyclopentyladenosine,1,[29314978]
C024376,NAADP,1,[17959608]
D009243,NADH,2,"[29314911, 11170013]"
D009532,NICKEL,1,[16589635]
D012965,NaCl,40,"[18541011, 11759050, 10591014, 11425725, 10758895, 16133656, 15970992, 10086845, 15938401, 12768456, 18034228, 18758902, 14657132, 22675595, 14502418, 21845199, 11594610, 11372653, 12892124, 19941025, 10843076, 18175711, 17329768, 12148643, 17267951, 8520110, 19544039, 12579377, 2932452, 19406803, 11750818, 16525471, 19002649, 12147080, 12486460, 16119857, 20228216, 14742457, 7545383, 19060085]"
D009532,Nickel,1,[15439302]
D009566,Nitrate,4,"[22180817, 9680332, 22469147, 18326567]"
D009570,Nitrile,3,"[9783174, 14533712, 11759050]"
D009573,Nitrite,1,[22469147]
D009584,Nitrogen,3,"[16945841, 27068208, 19833965]"
D010100,O(2),3,"[21832128, 12819275, 19689705]"
D010100,O2,12,"[11589224, 10724166, 9680332, 675876, 23765884, 6818206, 9707343, 11413650, 2678665, 11536615, 29314949, 234502]"
D006843,OC,1,[11833489]
D009821,Oil,1,[16592185]
D006843,Organochlorine,3,"[12398406, 17963791, 11833489]"
D006843,Organochlorines,1,[10901654]
D010100,Oxygen,19,"[12517981, 21753044, 11541238, 11076735, 17813734, 17731593, 8662480, 17818162, 21831420, 17800159, 17754037, 16050043, 17412954, 17798303, 17730814, 29314949, 29304574, 14601411, 17791613]"
D010758,P,4,"[12517981, 11508629, 21687717, 11697249]"
D010758,P),1,[21376366]
D011478,PA,1,[19888572]
D011084,PAH,7,"[19873754, 19062646, 22260053, 16321403, 18445026, 20228216, 18430013]"
D011084,PAHs,5,"[23127723, 22260053, 18445026, 20541320, 18430013]"
C013195,PALA,1,[10037695]
D055768,PBDE,3,"[17580701, 17118876, 23202382]"
D055768,PBDEs,5,"[19837437, 19192777, 17580701, 17118876, 23202382]"
D011078,PCB,8,"[20169415, 10901654, 406672, 19682678, 14987864, 17118876, 8060172, 23202382]"
C067940,PCB105,1,[14987864]
D011078,PCBs,15,"[20169415, 10705541, 19837437, 12398406, 10901654, 12685756, 17963791, 19682678, 11833489, 14987864, 17118876, 8060172, 23202382, 18351072, 22751780]"
C076994,PFOS,1,[19680591]
D010743,PL,1,[1217333]
C093415,PO2,3,"[6818206, 918411, 234502]"
C063613,PT,1,[16205985]
C063613,PTs,1,[19680591]
D010984,PTs,1,[16205985]
D005231,PUFA,3,"[15694592, 16189794, 20549377]"
D011478,Pa,1,[17799557]
D007854,Pb,12,"[18986686, 20483434, 11341702, 11482651, 7167812, 18097639, 21414636, 16348799, 19362761, 22371038, 21126753, 11693652]"
D010165,Pd,1,[21414636]
C076994,Perfluorooctane sulfonate,1,[19680591]
D010504,Periodic Acid,1,[18387836]
D010649,Phe,1,[7857197]
D010710,Phosphate,1,[21376366]
D010716,Phosphatidylinositol,1,[15964230]
D010743,Phospholipid,1,[16535638]
D010758,Phosphorus,1,[16794077]
C032279,Phthalic acid,1,[4393820]
D010984,Platinum,1,[17783054]
D011005,Plutonium,1,[14654285]
D011059,Po,1,[21126753]
C093415,Po2,1,[29314949]
D055768,Polybrominated diphenyl ethers,2,"[19192777, 17580701]"
D011078,Polychlorinated biphenyl,3,"[19682678, 14987864, 8060172]"
D011078,Polychlorinated biphenyls,3,"[406672, 11833489, 14987864]"
D011078,Polychlorobiphenyls,1,[12685756]
D011084,Polycyclic aromatic hydrocarbon,1,[19062646]
D011134,Polysaccharides,1,[12355321]
D011188,Potassium,1,[17746622]
D011422,Propionate,1,[19625435]
C497795,Pseudostichoposide B,1,[15595615]
D011005,Pu,3,"[18986686, 20403651, 14654285]"
D017382,ROS,1,[11076735]
D012413,Rb,2,"[20483434, 18583004]"
C504731,Rhodamine phalloidin,1,[3378667]
D013455,S,2,"[11508629, 11482651]"
D012967,SDS,12,"[16845565, 10591019, 17126562, 10081955, 9680298, 16607523, 17552251, 16926183, 19002649, 17995604, 16189794, 18051271]"
D012967,SDs,1,[8045314]
C443440,SO,1,[2939274]
C042995,SP-B,1,[15964230]
D012643,Se,2,"[16015263, 17229317]"
C025614,Sephadex G,1,[2882764]
C025614,Sephadex G-100,1,[504363]
C025614,Sephadex G-75,1,[18051271]
C025614,Sephadex LH-20,1,[22363223]
D012825,Si,2,"[11508629, 18758902]"
D012822,Silica,1,[21941585]
D058428,Silica gel,1,[18422956]
D017640,Silicate,1,[17818544]
D012825,Silicon,1,[18758902]
D013241,Sterigmatocystins,1,[21119680]
D013431,Sulfate,5,"[15136755, 11589224, 17472645, 17831655, 22203820]"
D013440,Sulfide,4,"[19730970, 27768499, 17798279, 15066859]"
D013447,Sulfite,1,[19730970]
D013455,Sulfur,5,"[12443924, 21960986, 17839368, 22469147, 16347420]"
D013431,Sulphate,1,[9734024]
C484217,TBA,1,[19192777]
C011559,TBT,3,"[12387391, 19680591, 11833489]"
C027647,TBT,1,[16205985]
D014238,TCA,2,"[22040283, 16758861]"
D014280,TG,1,[14600400]
C005855,TMAO,6,"[12443924, 12115917, 25575382, 17220442, 11170013, 17252516]"
C026677,TPT,2,"[12387391, 16205985]"
C030665,TPT,1,[19680591]
D013779,Tetrodotoxin,2,"[16348162, 19665158]"
D013910,Th,2,"[17799557, 8520439]"
D013885,Thiosulfate,1,[19730970]
C514237,Thiotaurine,1,[9436533]
D013910,Thorium,1,[17744412]
D013912,Thr,3,"[9676240, 15596722, 10525676]"
D014025,Ti,1,[11508629]
D014280,Triacylglycerols,1,[6518760]
C005855,Trimethylamine N-oxide,1,[12443924]
C005855,Trimethylamine oxide,1,[11170013]
D017830,Triton X-100,4,"[18224315, 16607523, 18773201, 18051271]"
C411644,Trizol,1,[21044647]
D014364,Trp,2,"[18977758, 22362652]"
D014414,Tungsten,1,[9734046]
D011136,Tween,2,"[14657132, 18051271]"
D011136,Tween 20,2,"[18224315, 16607523]"
D011136,Tween 80,4,"[18773201, 20228216, 20228212, 18051271]"
D014508,Urea,1,[25575382]
D014639,V,1,[20483434]
D014633,Val,2,"[16598154, 15596722]"
D014801,Vitamin A,1,[22072996]
D013831,Vitamin B1,1,[22072996]
D012256,Vitamin B2,1,[22072996]
D009536,Vitamin B3,1,[22072996]
D014867,WATER,1,[17750993]
D014867,Water,34,"[20805986, 21432276, 11323666, 18227517, 19829317, 17742965, 21611159, 11341702, 17753956, 17802088, 10846161, 12420966, 17734497, 21748268, 17759715, 17790825, 11827122, 12024255, 15155944, 11518963, 22575964, 21072199, 17412954, 18328553, 15616560, 16307081, 17314978, 11739949, 11309613, 14969445, 12637739, 16189794, 17465119, 15870315]"
D014990,Xylan,1,[9680298]
D015032,Zn,14,"[18224315, 20483434, 11508629, 11341702, 11482651, 17464071, 18097639, 21414636, 17229317, 16348799, 22371038, 16607523, 15066859, 11693652]"
D014316,[3H],1,[12024238]
C042552,acenaphthene,1,[18430013]
D000085,acetate,13,"[16418793, 22822404, 16348879, 9680332, 18699783, 12732953, 19625435, 12013430, 16348934, 18627412, 10872082, 7545383, 16758861]"
D019342,acetic acid,3,"[26059140, 20967244, 7869380]"
C032159,acetonitrile,1,[14533712]
D000105,acetyl-CoA,1,[22040283]
D000166,acridine,1,[7857197]
D005989,acylglycerol,1,[17252516]
D000241,adenosine,5,"[2543729, 19730970, 16269773, 22203820, 17734142]"
D000362,agar,8,"[10356995, 16349450, 20016676, 18450701, 20233381, 23411445, 16348934, 20686828]"
D012685,agarose,2,"[16347638, 15490156]"
D000376,agmatine,1,[12882969]
D000409,alanine,4,"[17753956, 14676368, 12486460, 16348934]"
D000423,alcian blue,1,[8318223]
D000438,alcohol,2,"[8089877, 9658237]"
D000438,alcohols,1,[10086845]
D000447,aldehydes,1,[16307087]
D000464,alginate,2,"[19941025, 19002649]"
D000473,alkane,5,"[19943883, 18087672, 21510391, 18062265, 15879252]"
D000473,alkanes,1,[15879252]
D007532,alloisoleucine,1,[17751312]
C011512,alpha-naphthoflavone,1,[17839567]
D000535,aluminum,2,"[22352335, 17815318]"
D000577,amides,2,"[14533712, 19201976]"
D000617,aminoglycoside,2,"[18460796, 20460694]"
D000641,ammonia,12,"[20402778, 21209665, 21748268, 19712334, 17774405, 22695863, 20668488, 21394432, 19397679, 22695860, 10872082, 21597940]"
D064751,ammonium,7,"[22180817, 23449845, 21491114, 22469147, 12571018, 14742457, 16758861]"
C003125,ammonium phosphomolybdate,1,[10879855]
D000645,ammonium sulfate,1,[9680298]
D000641,amo,1,[22695860]
D000667,ampicillin,2,"[10086845, 8520110]"
D000687,amylopectin,1,[9676240]
D000688,amylose,1,[9676240]
C027132,ans,1,[1217333]
C034020,anthracene,1,[18430013]
D000880,anthraquinone,1,[7623040]
D000968,antimycin A,1,[17166225]
D001089,arabinose,1,[10758895]
C085118,arabinoxylan,1,[11963894]
D016718,arachidonic acid,3,"[15694592, 22886517, 20549377]"
D002119,aragonite,2,"[21611159, 17819041]"
D001120,arginine,7,"[17753956, 15265029, 15908251, 20016676, 17146838, 12882969, 10037695]"
D001128,argon,3,"[17769540, 17809131, 12804366]"
D006841,aromatic hydrocarbons,1,[11372653]
D001151,arsenic,3,"[20483434, 18841325, 19160816]"
C015001,arsenite,2,"[18841325, 19160816]"
D001205,ascorbate,1,[9707343]
D001216,asparagine,1,[19181663]
D001224,aspartate,1,[16348934]
D001224,aspartic acid,3,"[17753956, 15908251, 14676368]"
D001241,aspirin,2,"[16950076, 21282496]"
C005948,astaxanthin,1,[11118939]
C033433,batyl alcohol,1,[8727645]
D000537,bauxite,1,[22795490]
D001554,benzene,4,"[8579820, 7613006, 22717885, 18286224]"
C014356,benzonitrile,1,[14533712]
C561363,benzoxacystol,1,[21505471]
D048588,benzoxazine,1,[21505471]
D001583,benzoxazole,2,"[21761452, 19198633]"
C030796,benzylamine,1,[9148611]
D001608,beryllium,1,[11739949]
D015091,beta-alanine,1,[12443924]
D020155,beta-hydroxybutyrate,1,[12486460]
D047090,beta-lactam,1,[23255440]
D047090,beta-lactams,1,[23255440]
D001622,betaine,2,"[12443924, 12486460]"
D000068258,bevacizumab,1,[22461855]
D001639,bicarbonate,3,"[11482651, 21831420, 16347420]"
C054842,bisucaberin,1,[22051782]
D001895,boron,1,[21097932]
C006798,brilliant green,1,[19696343]
D001959,bromate,1,[22840702]
D002077,butorphanol,1,[19110694]
C544384,caboxamycin,1,[19198633]
D002104,cadmium,2,"[12635296, 16307081]"
D002586,caesium,1,[10568266]
D002118,calcium,10,"[21097932, 9676240, 17901296, 10634774, 9563946, 20558688, 15976299, 22072996, 9787799, 14649862]"
D002119,calcium carbonate,6,"[21611159, 12024238, 17790802, 17819041, 11538321, 17798303]"
D002119,calcium carbonates,1,[21805065]
C094418,caldarchaeol,2,"[10086845, 7601829]"
D002142,californium,1,[6841092]
D002221,carbamoyl phosphate,1,[10037695]
D002241,carbohydrate,11,"[10788350, 20398413, 17994287, 10591017, 15388352, 15595615, 12502318, 12892124, 15490156, 16133657, 10075759]"
D002241,carbohydrates,9,"[21235167, 20398413, 10086845, 11594610, 10779724, 11963894, 17576518, 11722884, 15651637]"
D002244,carbon,160,"[20703316, 10583982, 21097932, 18503548, 17108962, 20406905, 18756250, 19943883, 21695118, 21753044, 20689848, 10788350, 10591014, 21209665, 16642262, 22180817, 21429909, 22295084, 17994287, 11341702, 19901326, 19837437, 16534963, 21814288, 15947183, 22355636, 10325229, 17776761, 17790802, 19799620, 19062646, 18974223, 11571157, 19281960, 18179545, 18833277, 15947184, 10568278, 19712334, 18457109, 18062265, 17754037, 17814000, 21359849, 15197255, 17798520, 22194903, 16269773, 16075348, 20337705, 19709244, 10741832, 23027979, 15596722, 17739401, 22695863, 5428430, 8472894, 17839368, 17841485, 11588258, 24213898, 21525946, 15761691, 10550046, 16592185, 22378534, 22071347, 20462112, 15976299, 15539598, 16003476, 15265029, 21199255, 16321403, 16329971, 18219285, 18217349, 22319518, 22308450, 9632383, 16332791, 10319484, 17847309, 16304953, 10731600, 17798303, 17810867, 16836112, 20831591, 10779724, 9145497, 9680298, 17777185, 8727645, 11739949, 20890848, 10988063, 22504432, 16791191, 15023967, 23272075, 22810695, 19712305, 22096500, 12148612, 12055314, 22165213, 11536615, 12148643, 20665300, 18445026, 1125858, 24254799, 16397495, 17734142, 15729648, 12804366, 17820046, 12917681, 11760185, 16959888, 20927138, 22174131, 21978364, 21184121, 20865156, 19833965, 16926183, 12882969, 16347420, 17812165, 11963894, 11591717, 16486742, 22949638, 18773201, 17789948, 17774330, 22207626, 7576347, 19137722, 11722884, 22881352, 11008691, 10872082, 10766240, 22809182, 21981709, 18651216, 22140426, 18790866, 14742457, 10919760, 7545383, 17759647, 15870315, 18430013, 21688032, 18664583]"
D002245,carbon dioxide,35,"[12517981, 20959156, 21673885, 15938401, 11008690, 17814000, 17819041, 11536555, 18626013, 17839368, 17841485, 16894174, 20508128, 22308450, 10731600, 10988063, 16791191, 22810695, 12148612, 17839929, 24254799, 11081707, 22678287, 22174131, 16347420, 17812165, 22040283, 12226673, 17789948, 10766240, 20615296, 22809182, 19381756, 17759647, 20140649]"
D002248,carbon monoxide,7,"[17878949, 4399992, 19801465, 20668488, 17733619, 11538653, 3697364]"
C000615234,carbon-14,1,[17847309]
D002254,carbonate,26,"[21097932, 17405207, 17731593, 8662480, 17779996, 17776761, 21562702, 15947184, 17832269, 11538321, 16894174, 17835184, 11607686, 16854265, 16836112, 11739953, 17806804, 20927138, 17787626, 17812165, 14601411, 16119857, 12226673, 15803662, 10769160, 14649862]"
D002254,carbonates,5,"[21805065, 17830369, 17777183, 17812165, 17774330]"
D002255,carbonic acid,1,[17807290]
D002264,carboxylic acids,2,"[10086845, 10319484]"
D002308,cardiolipin,1,[10705450]
D002338,carotenoid,4,"[21695118, 15938401, 11118939, 2037027]"
D002338,carotenoids,2,"[11118939, 1277806]"
D002351,carrageenan,2,"[16926183, 20686828]"
D002395,catecholamine,1,[9312439]
D002395,catecholamines,1,[9312439]
D002475,cellobiose,3,"[19709244, 10779724, 16133657]"
D002482,cellulose,1,[10319484]
D002518,ceramide,1,[21222464]
C028213,chaps,1,[18224315]
C004348,chimyl alcohol,1,[8727645]
D002686,chitin,2,"[21235167, 10319484]"
D002697,chloral hydrate,1,[504363]
D002701,chloramphenicol,2,"[10086845, 8520110]"
D002706,chlordane,1,[11833489]
D002706,chlordanes,1,[10705542]
D002712,chloride,4,"[12459585, 12486458, 12819275, 19125919]"
C062985,chlorin e6,1,[17035994]
C001599,chlorite,1,[17734497]
D011078,chlorobiphenyls,1,[17839567]
D017402,chlorofluorocarbons,1,[17802088]
D005617,chlorofluoromethanes,1,[17815194]
D002734,chlorophyll,14,"[9777651, 11079412, 21695118, 17472637, 9929396, 21072925, 32355379, 10492812, 20890848, 27068208, 11536615, 24254799, 17035994, 22881352]"
D002784,cholesterol,2,"[14600400, 8727645]"
D002809,chondroitin sulfates,1,[22072996]
D002857,chromium,2,"[16307081, 22795490]"
C031180,chrysene,1,[18430013]
D002945,cisplatin,2,"[22412815, 23079524]"
C000599013,citharoxazole,1,[21761452]
D019343,citrate,2,"[11482651, 16348934]"
D002245,co(2),1,[22678287]
D002245,co(2)),1,[22678287]
D003035,cobalt,4,"[17831356, 17753598, 848952, 17799981]"
D003060,cod-liver oil,1,[8060172]
C542661,coelenteramide,1,[15515099]
C017144,coelenterazine,3,"[19833098, 20972255, 15515099]"
D003300,copper,7,"[9676240, 17831356, 16672456, 848952, 16289233, 16307081, 17799981]"
D006854,cortisol,1,[9312439]
D003401,creatine,1,[14648673]
D010725,creatine phosphate,1,[14648673]
C581652,cristaxenicin A,1,[23057655]
D003488,cyanogen bromide,1,[2882764]
C039905,"cyclic 2,3-diphosphoglycerate",1,[16957893]
D010456,cyclic peptide,1,[23215246]
C118540,cyclo-(L-Phe-L-Pro,1,[17290864]
D003516,cycloalkane,1,[22717885]
C506365,cyclohexane,1,[22717885]
D003517,cyclopentane,2,"[9560807, 15803662]"
D003545,cysteine,1,[17900925]
D003545,cysteines,1,[2882764]
D003553,cystine,2,"[17753956, 9734024]"
D003596,cytosine,1,[17493812]
C022306,dN,1,[20935062]
D003903,dS,1,[20935062]
D013938,dTMP,1,[18648921]
C550580,deoxynyboquinone,1,[22634702]
D003895,desmosine,1,[23012370]
D003903,deuterium,2,"[19833098, 14753985]"
C075843,"di-myoinositol-1,1'-phosphate",1,[16957893]
D000599,diamino acid,1,[19060085]
C056189,dibutyltin,1,[12387391]
D003634,dichlorodiphenyltrichloroethane,1,[11833489]
C002673,digalactosylceramide,1,[23180309]
C522438,dihydrooxosorbiquinol,1,[17551210]
D054659,diketopiperazines,1,[17290864]
C024629,dimethyl phthalate,1,[18651216]
D004121,dimethyl sulfoxide,1,[16348934]
C004784,dimethylsulfide,1,[22469147]
D004121,dimethylsulfoxide,1,[18541011]
D011276,diol,1,[12650252]
C031538,diphenyl ether,1,[17580701]
D004187,disaccharide,1,[23411445]
D004187,disaccharides,2,"[15970992, 10779724]"
D004220,disulfide,1,[2882764]
D004221,disulfiram,1,[30290491]
D004224,diterpenoid,1,[23057655]
D004227,dithionite,1,[11482651]
D004229,dithiothreitol,1,[9676240]
D004281,docosahexaenoic acid,4,"[15694592, 7968276, 20549377, 21518217]"
C026219,docosapentaenoic acid,1,[20549377]
C028913,dodecyl sulfate,1,[504363]
C028042,dolomite,2,"[17830369, 14649862]"
C007267,dump,1,[22176231]
C045628,ectoine,1,[17552251]
D015118,eicosapentaenoic acid,5,"[16535638, 11311432, 7968276, 18398463, 21518217]"
D017984,enoxaparin,1,[16950076]
D004875,ergosterol,1,[22363223]
C036071,ergosterol peroxide,1,[22363223]
D004917,erythromycin,1,[8520110]
D005228,essential fatty acids,1,[22072996]
D000431,ethanol,2,"[15938401, 23411445]"
C007650,ethyl acetate,2,"[17453737, 17290864]"
C033180,ethyl oleate,1,[17007134]
C004912,ethylbenzene,2,"[22717885, 18286224]"
C031234,ethylene diamine,1,[18224315]
D004492,ethylenediamine tetra-acetic acid,1,[17994287]
D004492,ethylenediaminetetraacetic acid,2,"[9680298, 15747087]"
D005227,fatty acid,22,"[16347037, 11425725, 16133656, 16535638, 15694592, 1217333, 16348900, 22688244, 10705450, 6876770, 9560807, 16003476, 9676237, 12892124, 15908251, 10941790, 19625435, 12501424, 16189794, 20228212, 20549377, 18326567]"
D005227,fatty acids,24,"[15064982, 16347037, 10591014, 11425725, 16535638, 1217333, 16348900, 22688244, 22886517, 7968276, 14657132, 20547357, 10941790, 18218933, 17329768, 17267951, 18684121, 15879252, 12501424, 16189794, 20228216, 20228212, 15529752, 19060085]"
D005227,fatty-acid,1,[18654820]
D005395,fish oil,3,"[23050445, 17580701, 22950577]"
C007738,fluoranthene,2,"[22260053, 18430013]"
C041509,fluorene,1,[18430013]
D019793,fluorescein,1,[19002837]
D005492,folate,1,[15529739]
D005557,formaldehyde,2,"[14711622, 16307087]"
D005557,formalin,3,"[16153033, 16499691, 2570428]"
C030544,formate,3,"[11571157, 18699783, 12013430]"
D005557,formol,1,[11508629]
D005230,free fatty acids,1,[18422956]
D005643,fucose,2,"[17015966, 12147080]"
D037741,fullerene,1,[12804366]
D037741,fullerenes,1,[12804366]
C005023,fulvic acids,1,[15292952]
D005650,fumarate,1,[17220442]
C012990,galactomannan,1,[23411445]
D005690,galactose,5,"[17015966, 12732953, 9134716, 8572714, 12147080]"
C007819,galacturonic acids,2,"[12732953, 12147080]"
C094791,gamma-indomycinone,1,[7623040]
D005936,glucan,1,[17291578]
D005944,glucosamine,1,[21671195]
C020341,glucosaminoglycans,1,[10073314]
D005947,glucose,17,"[21432276, 23761360, 9676240, 9680332, 9336897, 17464071, 16347302, 3569498, 14657132, 11594610, 12732953, 17734142, 9134716, 8572714, 23411445, 12147080, 7545383]"
D020723,glucuronic acid,2,"[8823906, 8572714]"
D005965,glucuronic acids,1,[9134716]
C038910,glucuronoxylan,1,[11963894]
D018698,glutamate,5,"[16133656, 6127054, 12486458, 12486460, 16348934]"
D018698,glutamic acid,4,"[17753956, 16346897, 15908251, 14676368]"
D005973,glutamine,1,[14523555]
D005976,glutaraldehyde,2,"[974915, 21571752]"
D005978,glutathione,1,[11076735]
D005990,glycerol,2,"[8727645, 19190702]"
D005998,glycine,4,"[12443924, 17753956, 19002649, 11170013]"
D001622,glycine betaine,1,[12486458]
D006003,glycogen,5,"[20703316, 9676240, 501739, 9680298, 2037027]"
D006025,glycosaminoglycan,1,[22072996]
D006025,glycosaminoglycans,1,[23261779]
D006027,glycoside,2,"[15595615, 20686828]"
D006027,glycosides,4,"[15595615, 12502318, 22304344, 22072996]"
D006028,glycosphingolipids,1,[22072996]
D006037,glyoxal,1,[16307087]
C031150,glyoxylate,1,[16758861]
D006108,graphite,1,[12804366]
C054853,grincamycin,1,[22304344]
D006147,guanine,1,[17493812]
D006150,guanine nucleotide,2,"[29314978, 8877814]"
C038949,heliox,1,[8045314]
D006371,helium,7,"[17817428, 16348606, 17829270, 17802550, 20034233, 870851, 12804366]"
C000615206,helium-3,2,"[17829270, 17802550]"
D006418,heme,5,"[7763791, 10081955, 2690960, 14523555, 3697364]"
C031690,heme c,2,"[9672683, 10781566]"
C007916,hemicellulose,1,[11963894]
D006493,heparin,1,[9690985]
D006581,hexachlorobenzene,2,"[12398406, 11833489]"
D001556,hexachlorocyclohexane,1,[11833489]
D001556,hexachlorocyclohexanes,1,[12398406]
C007932,hexadecane,1,[18062265]
C471213,hexahistidine,1,[16040350]
D006586,hexane,1,[26059140]
D006595,hexosamines,1,[9336897]
D006601,hexose,1,[12147080]
D006632,histamine,2,"[9148611, 22834904]"
D006639,histidine,2,"[17753956, 14523555]"
D006812,humic acids,1,[15292952]
D006838,hydrocarbon,17,"[12094722, 19943883, 10603254, 21814288, 17839567, 20673676, 18062265, 17839368, 20856885, 16592185, 11543277, 19719622, 14628063, 18478171, 20736401, 2651424, 22717885]"
D006838,hydrocarbons,9,"[21829635, 22187459, 20673676, 9560807, 10731600, 14628063, 22717885, 20541320, 6518760]"
D006851,hydrochloric acid,1,[22159570]
D006859,hydrogen,27,"[16418793, 22822404, 26059140, 15074034, 21510391, 9103642, 18876410, 17828281, 23263870, 11571157, 10015684, 20132283, 16269773, 14753985, 17841485, 18699783, 12148612, 19181663, 6139233, 10966393, 11538653, 1471405, 18163871, 17995604, 18627412, 19381756, 16758861]"
D006861,hydrogen peroxide,2,"[11076735, 16750649]"
D006862,hydrogen sulfide,14,"[22180817, 21151830, 11008690, 23449845, 20856898, 8472894, 16535321, 11543277, 16329971, 15198040, 16348934, 10224031, 11008691, 22957196]"
D006862,hydrogen sulphide,5,"[22279770, 17828281, 17148377, 9734046, 9734024]"
D017665,hydroxyl radicals,1,[17810867]
C003949,hypotaurine,3,"[12443924, 18396164, 9436533]"
C099089,illite,1,[17734497]
D007098,imino acid,2,"[26059140, 17995604]"
D026121,indole alkaloid,1,[23271423]
D007213,indomethacin,1,[20640522]
D010710,inorganic phosphate,2,"[12420966, 18457109]"
C000615163,ionium,1,[17818998]
D002351,iota-carrageenan,1,[20686828]
D007495,iridium,6,"[18964014, 17819180, 17783054, 17819179, 17815539, 23129649]"
D007501,iron,23,"[21695118, 15074034, 16871216, 21814288, 17778805, 22435065, 17753598, 17790381, 17828281, 18974223, 12732565, 12522264, 17841485, 19395704, 16307081, 19397679, 17158290, 22810695, 22072996, 22795490, 18398463, 12571018, 20865156]"
C000499,iron oxides,1,[17730743]
D007532,isoleucine,2,"[17753956, 17751312]"
D013729,isoprenoid,1,[19060085]
C097897,kahalalide F,1,[17153351]
D007612,kanamycin,2,"[10086845, 8520110]"
D007616,kaolin,1,[18353634]
D007616,kaolinite,1,[17734497]
D007737,kynurenine,1,[1397130]
D000596,l-amino acids,1,[19833098]
D010649,l-phenylalanine,1,[19833098]
D014443,l-tyrosine,1,[19833098]
D019344,lactate,8,"[9103642, 21832128, 6818206, 29314949, 16348934, 18627412, 234502, 18326567]"
D007785,lactose,1,[22096500]
D002351,lambda-carrageenan,1,[16926183]
D007930,leucine,5,"[17753956, 16535711, 15908251, 1190762, 15870315]"
D008031,lignin,1,[21605311]
C499030,linderazulene,1,[15730254]
C499030,linderazulenes,1,[15730254]
D008055,lipid,27,"[20702457, 14600400, 10904864, 20398413, 9783161, 16535638, 18175939, 19837437, 15694592, 12398406, 17773336, 22842293, 12685756, 15466569, 10705450, 9148611, 16329971, 9148682, 18654820, 15908251, 7601829, 9011293, 23180309, 15803662, 6518760, 20549377, 17252516]"
D008055,lipids,21,"[10904864, 20662377, 16347037, 10591014, 21394529, 9783161, 15816935, 15694592, 10086845, 9680332, 2479840, 10705450, 17002948, 9560807, 9226891, 16329971, 7601829, 21890672, 15803662, 6518760, 20549377]"
D055666,lipopeptides,2,"[18422956, 18257536]"
D008094,lithium,1,[17753598]
C029654,lycopane,1,[9560807]
D008239,lysine,1,[17753956]
D008690,lysocline,1,[17774330]
D008274,magnesium,13,"[18964014, 21805065, 3837033, 17731593, 17901296, 10634774, 23239531, 17819041, 20558688, 15976299, 15689218, 22072996, 14649862]"
C005479,magnesium carbonate,1,[17813084]
D015636,magnesium chloride,1,[15689218]
C030298,malate,1,[16348934]
C030272,maleate,1,[16348934]
C021705,maltooligosaccharides,1,[9676240]
D008320,maltose,5,"[9676240, 8863444, 9226891, 10779724, 7545383]"
C008317,maltotriose,1,[9676240]
D008345,manganese,20,"[17832066, 17778805, 17813083, 16347886, 15525065, 17831356, 17759681, 17753598, 17790381, 17839484, 16672456, 848952, 22275098, 17841485, 16307081, 17799981, 11538653, 22695860, 24367146, 21688032]"
C027424,manganese oxide,1,[11538653]
C027424,manganese oxides,1,[17778805]
D008351,mannan,1,[23411445]
D008353,mannitol,1,[19625435]
D008358,mannose,5,"[16957893, 17015966, 8572714, 23411445, 12147080]"
C402688,mannosylglycerate,1,[16957893]
D020926,medetomidine,1,[19110694]
D008543,melanin,2,"[18648877, 22536431]"
D008550,melatonin,2,"[21196163, 8877814]"
D024482,menaquinone,1,[17329768]
D008619,mepivacaine hydrochloride,1,[6638647]
D008628,mercury,6,"[16015263, 23178837, 3696196, 15292952, 9652127, 15092824]"
D008670,metal,31,"[18224315, 17136435, 21394529, 11341702, 17832066, 21814288, 17464071, 21321442, 15197255, 12522264, 11436660, 18097639, 848952, 22275098, 21414636, 12355321, 20482121, 22319518, 20146276, 22386802, 15648827, 22371038, 18398463, 15066859, 11693652, 21184121, 11538653, 19353881, 18773201, 19477106, 18461394]"
D008670,metals,1,[17464071]
D008697,methane,45,"[22822404, 22355782, 20402778, 17136435, 23015773, 16642262, 22449300, 15198039, 17828281, 17148377, 19712334, 16623396, 11008690, 18497290, 23765884, 15197255, 22916172, 19181830, 18097639, 17839368, 17841485, 24213898, 22496753, 9734046, 16329971, 18219285, 19719622, 16332791, 20605205, 10731600, 9145497, 18699783, 15198040, 12148612, 21978364, 19833965, 22695860, 16119857, 15803662, 19137722, 20615296, 18368287, 23132300, 22140426, 18664583]"
C005231,methanethiol,1,[22469147]
D000432,methanol,1,[12013430]
D008715,methionine,2,"[17753956, 22362652]"
C013111,methionine sulfoxide,1,[17753956]
D008715,methionines,1,[2882764]
C027451,methylamine,2,"[6139233, 15651637]"
D008744,methylamines,2,"[12443924, 6139233]"
C073640,methylpendolmycin,1,[22362652]
C011934,mica,2,"[2958634, 2931439]"
D008982,molybdenum,1,[17831356]
C517284,monomethyl phthalate,1,[18651216]
D009005,monosaccharide,1,[10075759]
D009005,monosaccharides,2,"[15970992, 9134716]"
D039821,monoterpene,1,[19192777]
D005229,monounsaturated fatty acid,1,[15908251]
D005229,monounsaturated fatty acids,1,[16189794]
D009020,morphine,1,[21760818]
D006025,mucopolysaccharides,1,[18387836]
D009171,mycolic acid,2,"[9783174, 10068786]"
D043371,n-6 fatty acids,1,[20549377]
C007932,n-hexadecane,1,[1125858]
C026385,n-hexane,1,[17580701]
D060734,nacre,1,[17684750]
D009268,nalidixic acid,1,[16346897]
C031721,naphthalene,4,"[22260053, 18445026, 7613006, 18430013]"
D009356,neon,1,[12804366]
D009525,niacin,1,[22072996]
D009532,nickel,7,"[17831356, 17753598, 848952, 17799981, 17900925, 23129649, 11538653]"
C024376,nicotinic acid adenine dinucleotide phosphate,1,[17959608]
D009566,nitrate,26,"[20458400, 15136755, 11589224, 12732565, 19352028, 17774405, 19125919, 15265029, 17690469, 16854265, 17810867, 16945841, 12186758, 17469254, 15621658, 17267951, 12571018, 20927138, 17220442, 17221162, 16348934, 10872082, 20228216, 14742457, 16758861, 19689705]"
D009566,nitrates,1,[17469254]
D009569,nitric oxide,1,[20458400]
D009570,nitrile,3,"[9783174, 14533712, 11759050]"
D009570,nitriles,2,"[14533712, 11759050]"
D009573,nitrite,8,"[20458400, 17774405, 17690469, 17810867, 22469147, 10872082, 20228216, 18326567]"
D009584,nitrogen,43,"[23012370, 21209665, 20458400, 20398413, 22180817, 17072682, 21814288, 18876410, 21748268, 23178837, 19201976, 19712334, 12024255, 22916172, 18977758, 21491114, 17774405, 22695863, 22066702, 17839368, 15265029, 18217349, 22308450, 22993241, 2678665, 16945841, 27068208, 11697249, 9657711, 18706891, 23226143, 8617264, 12571018, 11760185, 19833965, 12882969, 11591717, 17789948, 8045314, 10872082, 22809182, 21544103, 19381756]"
D009609,nitrous oxide,1,[12186758]
C025256,nonylphenols,1,[19476957]
D009705,nucleoside,1,[22064543]
D009705,nucleosides,1,[11591717]
C054919,"o,p'-DDE",1,[23202382]
C474055,octylphenols,1,[19476957]
D009821,oil,21,"[20667884, 20702457, 19943883, 10904864, 22187459, 22441203, 21814288, 19062646, 18422956, 20673676, 17839368, 11588258, 22287903, 16535321, 11543277, 18217349, 8727645, 20736401, 18773201, 20228212, 22875705]"
C510819,okenone,1,[15938401]
D019301,oleic acid,1,[21518217]
D009841,oligonucleotide,6,"[14756881, 10508063, 9929396, 12755716, 18627412, 15870315]"
D009844,oligosaccharides,1,[15490156]
D010755,organic phosphate,1,[12819275]
D006843,organochlorine,6,"[10705541, 10705542, 19682678, 17078975, 11833489, 22751780]"
D006843,organochlorine compounds,1,[20169415]
D009947,organotin,2,"[12387391, 16205985]"
D009952,ornithine,2,"[17753956, 19060085]"
D010710,orthophosphates,1,[18328553]
D062907,oxaloacetate,2,"[9707343, 16348934]"
D010087,oxide,1,[17778805]
C522437,oxosorbiquinol,1,[17551210]
D010100,oxygen,106,"[18503548, 11589226, 15598497, 20406905, 21753044, 20662377, 21535364, 17821563, 22298806, 21151830, 17770148, 12815427, 12459585, 17813734, 11589224, 23049527, 19057844, 10634774, 9092467, 17818162, 17830369, 10325229, 17776858, 20370908, 12732565, 18833277, 13098641, 23239531, 17754037, 4927014, 17778656, 16156735, 22571287, 17426921, 2858294, 17818544, 16136140, 17739401, 20370909, 21829613, 11588258, 32355379, 24391275, 22071347, 28581868, 11543277, 16782605, 20370917, 15265029, 16050043, 21072199, 11786639, 14583508, 18328553, 9707343, 17834718, 17802356, 17730814, 17314978, 11413650, 22993241, 20034233, 16836112, 17581581, 21941585, 22737147, 21966922, 16348799, 11285888, 17811150, 11697251, 10988063, 17158290, 10786948, 20736401, 20665300, 23226143, 20738498, 17166225, 870851, 22469147, 12579377, 11081707, 12917681, 6797451, 11693652, 11760185, 29314949, 17787626, 18762282, 17841714, 12521155, 10719183, 16593650, 5657061, 29304574, 14601411, 17791613, 17774330, 18444999, 11008691, 22957196, 14742457, 15870315, 3697364, 1217300]"
D010758,p,1,[22678287]
D003633,"p,p'-DDE",4,"[12685756, 19682678, 11833489, 23202382]"
D003634,"p,p'-DDT",2,"[12685756, 23202382]"
D020245,p-chloromercuribenzoic acid,1,[9676240]
C495469,p-coumaric acid,1,[19891493]
C010590,p-hydroxyphenylpyruvate,1,[18648877]
C033592,p-nitrophenyl butyrate,1,[21861153]
C031286,p-xylene,2,"[7613006, 18286224]"
C495469,pCA,1,[19891493]
C003043,paraformaldehyde,1,[14711622]
C003181,pectate,1,[9680298]
C059313,pendolmycin,1,[22362652]
C573110,penicilliumin A,1,[22363223]
D010424,pentobarbital,1,[18175939]
D010455,peptides,3,"[17600056, 17576518, 16758861]"
C048856,permanganate,1,[21321442]
C031181,phenanthrene,4,"[19062646, 22260053, 18445026, 18430013]"
C000598831,phenazine,1,[17615672]
D010649,phenylalanine,2,"[17753956, 2882764]"
D010664,phenylmethylsulfonyl fluoride,2,"[18224315, 19888572]"
C063613,phenyltin,2,"[12387391, 16205985]"
C063613,phenyltins,2,"[12387391, 19680591]"
D010710,phosphate,7,"[12443924, 18457109, 21376366, 16945841, 11697249, 10037695, 3697364]"
D010710,phosphates,3,"[18457109, 16592185, 17469254]"
C483858,phosphatidylethanolamine,2,"[16535638, 10705450]"
D010715,phosphatidylglycerol,3,"[16535638, 15964230, 10705450]"
D010716,phosphatidylinositol,1,[15964230]
D010718,phosphatidylserine,2,"[15964230, 10705450]"
D010728,phosphoenol-pyruvate,1,[16347302]
D010728,phosphoenolpyruvate,1,[16347302]
D010743,phospholipid,5,"[1217333, 15964230, 15466569, 10705450, 21518217]"
D010743,phospholipid-,1,[16003476]
D010743,phospholipids,5,"[15694592, 1217333, 15908251, 20549377, 21518217]"
D063065,phosphonate,1,[21687717]
D063065,phosphonates,1,[21687717]
C090013,phosphorite,1,[21376366]
C090013,phosphorites,2,"[21376366, 16592185]"
D010758,phosphorus,13,"[21814288, 21376366, 18217349, 22308450, 21687717, 11697249, 18706891, 17820046, 11760185, 12521155, 19829318, 16794077, 21688032]"
C117268,pimecrolimus,1,[22834904]
D010984,platinum,1,[23129649]
C003169,pluramycin,1,[7623040]
D011005,plutonium,2,"[20403651, 14654285]"
C011083,poly (L-proline),1,[9707343]
C003182,poly(3-hydroxybutyrate),1,[18179545]
C052620,poly(3-hydroxybutyrate-co-3-hydroxyvalerate,1,[18179545]
C016679,polyacrylamide,3,"[9676240, 17660281, 504363]"
C016680,polyacrylamide gel,2,"[504363, 18051271]"
D011073,polyamines,2,"[15265029, 12882969]"
D055768,polybrominated diphenyl ethers,2,"[17078975, 17118876]"
D011078,polychlorinated biphenyl,1,[8060172]
D011078,polychlorinated biphenyls,5,"[10705541, 12398406, 406672, 17078975, 17118876]"
D011084,polycyclic aromatic hydrocarbon,4,"[19873754, 19062646, 18445026, 20228216]"
D011084,polycyclic aromatic hydrocarbons,7,"[23127723, 22260053, 16321403, 18445026, 22717885, 20541320, 18430013]"
D011091,polyesters,1,[18179545]
C003181,polygalacturonic acid,1,[9680298]
C011080,polyglycine,1,[12967265]
D054813,polyhydroxyalkanoates,1,[18179545]
D011107,polylysine,1,[11139082]
D011108,polymer,5,"[10399301, 9836450, 9336897, 8572714, 12147080]"
D011108,polymers,1,[16075348]
D011119,polynucleotide,1,[15870315]
C024617,polyol,1,[12443924]
D011134,polysaccharide,14,"[20398413, 9336897, 10629947, 15388352, 22688244, 15596722, 17015966, 12355321, 12732953, 8572714, 23411445, 22843576, 19353881, 18156275]"
D011134,polysaccharide substances,1,[19190702]
D011134,polysaccharides,8,"[20398413, 9676240, 9336897, 12355321, 9134716, 23411445, 7576347, 10073314]"
D005231,polyunsaturated Fatty acids,1,[16535638]
D005231,polyunsaturated fatty acid,3,"[21695118, 17267951, 16189794]"
D005231,polyunsaturated fatty acids,5,"[16347037, 15694592, 7968276, 20549377, 21518217]"
D011188,potassium,7,"[17769540, 16015263, 19405196, 17809131, 23170083, 12486458, 17742574]"
D011343,procaine HCl,1,[2919826]
D011392,proline,5,"[20233373, 9061967, 17753956, 9707343, 7869380]"
D011422,propionate,3,"[16348934, 7545383, 16758861]"
C497795,pseudostichoposide B,1,[15595615]
D011687,purines,1,[15596722]
D011700,putrescine,1,[12882969]
C030984,pyrene,4,"[23209202, 22260053, 18445026, 18430013]"
C030986,pyrimidine,2,"[15265029, 10037695]"
D011742,pyrimidine nucleotides,2,"[15265029, 11591717]"
D011743,pyrimidines,1,[15596722]
C011342,pyrite,1,[12732565]
D019289,pyruvate,10,"[9103642, 9680332, 16269773, 8863444, 9707343, 12732953, 11963894, 16348934, 7545383, 16758861]"
C517548,pyruvated mannose,1,[8572714]
C004532,quinone,3,"[18684121, 20228216, 18326567]"
D011809,quinones,1,[19060085]
C037904,quinovose,1,[15595615]
D011868,radionuclide,1,[12109476]
D011868,radionuclides,5,"[18986686, 10568278, 12782476, 19362761, 21126753]"
D017382,reactive oxygen species,2,"[20703316, 11076735]"
C052785,rebamipide,1,[20640522]
D012210,rhamnose,3,"[17015966, 19625435, 12147080]"
D012256,riboflavin,1,[22072996]
D012265,ribonucleotide,1,[6206199]
D012293,rifampicin,3,"[10086845, 15784987, 7545383]"
D012293,rifampin,1,[8863444]
C005696,salicin,1,[19625435]
D012965,saline,6,"[19125919, 18082844, 14969445, 17257336, 14649862, 18286224]"
D012492,salt,21,"[9783174, 11589226, 21394529, 16957893, 17742965, 9783161, 11589224, 16057954, 21041369, 12486458, 9680332, 23239531, 21845199, 22009262, 15689218, 17257336, 2931439, 2932452, 10419948, 19396847, 15651637]"
D012492,salts,4,"[16592185, 16854265, 14645702, 15023967]"
D012503,saponins,1,[22072996]
D005227,saturated fatty acids,1,[1217333]
C009217,scyllo-inositol,1,[12443924]
D012643,selenium,2,"[16015263, 9734046]"
D012694,serine,9,"[12443924, 17753956, 16535711, 14676368, 2882764, 19181663, 17600056, 18051271, 18461394]"
D012701,serotonin,3,"[2458283, 9148611, 19366926]"
D012822,silica,11,"[17843838, 19215903, 17847537, 22308450, 21941585, 19397679, 11697249, 17841714, 17789948, 17791613, 22809182]"
D058428,silica gel,1,[22363223]
D017640,silicate,4,"[18758902, 17818544, 17812165, 12226673]"
D017640,silicates,2,"[17469254, 17812165]"
D012824,silicic acid,1,[8727645]
D012825,silicon,3,"[18758902, 21941585, 22809182]"
D012822,silicon oxide,1,[19215903]
D012834,silver,1,[18321400]
D012964,sodium,9,"[16348162, 19405196, 23170083, 17753598, 19665158, 23239531, 22696167, 18758902, 18723648]"
D019346,sodium acetate,1,[15938401]
D012965,sodium chloride,1,[9103642]
D012967,sodium dodecyl sulfate,3,"[18224315, 9676240, 16607523]"
D012967,sodium dodecylsulfate,1,[9680298]
D013012,sorbitol,1,[16926183]
D013185,squalene,2,"[10904864, 8727645]"
D013213,starch,12,"[16345148, 9676240, 9680332, 19709244, 14657132, 11594610, 10319484, 9148682, 9680298, 18175711, 9827329, 20593184]"
C031183,stearic acid,1,[1217333]
D013241,sterigmatocystin,1,[21119680]
D013256,steroid,2,"[9560807, 10075759]"
D013261,sterol,1,[22412815]
C573586,sterolic acid,1,[22412815]
D013261,sterols,1,[22072996]
D013307,streptomycin,2,"[10086845, 8520110]"
D013324,strontium,1,[9676240]
D013386,succinate,1,[2939274]
D019802,succinate,2,"[16348934, 7545383]"
D013395,sucrose,3,"[2931439, 16926183, 7545383]"
D000073893,sugar,3,"[16347302, 15596722, 21525946]"
D000073893,sugars,6,"[16347302, 10319484, 12892124, 12732953, 12147080, 18790866]"
D013431,sulfate,35,"[22822404, 17136435, 16642262, 17007134, 15074034, 15033233, 19730970, 17472645, 9103642, 17831655, 15938401, 11008690, 21304749, 23239531, 16269773, 22916172, 17839368, 15595615, 16535321, 17015966, 18219285, 22319518, 16854265, 22203820, 18699783, 19712305, 22469147, 12571018, 19833965, 17221162, 18163871, 18627412, 16119857, 19137722, 10919760]"
D013440,sulfide,37,"[12443924, 20838422, 15598497, 17136435, 21535364, 15136755, 22449300, 19730970, 22435065, 9103642, 15938401, 17753598, 21321442, 20856898, 27768499, 21062326, 17818544, 17841485, 17770111, 22212659, 20236170, 15265029, 16329971, 9145497, 21966922, 18396164, 17798279, 22203820, 15023967, 23226507, 22469147, 15066859, 11081707, 17221162, 22843576, 18627412, 11722884]"
D013440,sulfides,4,"[23015773, 27768499, 18396164, 21126753]"
D000476,sulfonates,1,[9103642]
D013455,sulfur,58,"[18503548, 23015773, 16642262, 21535364, 22180817, 15074034, 19730970, 16348879, 16534963, 21814288, 10086845, 17831655, 21960986, 15938401, 9680332, 23263870, 11571157, 20132283, 21304749, 16269773, 22916172, 20946529, 10591019, 10741832, 8863444, 8472894, 17839368, 17841485, 15265029, 9226891, 16329971, 17819907, 18217349, 20935062, 16836112, 10779724, 21966922, 16348799, 18396164, 10758851, 15648827, 12148643, 8520110, 22469147, 15066859, 16959888, 20927138, 10966393, 19833965, 22695860, 16348934, 17686026, 10224031, 19137722, 11008691, 18790866, 14742457, 19689705]"
D013431,sulphate,1,[22040283]
D013440,sulphide,8,"[16871216, 10864322, 17002948, 20605205, 11536615, 21978364, 22040283, 15651637]"
D013440,sulphides,1,[19362761]
D013447,sulphite,1,[9734024]
D013455,sulphur,4,"[9734046, 9734024, 17576518, 22040283]"
D013457,sulphur compounds,1,[22040283]
D013481,superoxide,3,"[11076735, 17291578, 16758861]"
D013481,superoxide anion,1,[11076735]
D013627,talc,1,[17734497]
D013654,taurine,2,"[18396164, 9436533]"
D013752,tetracycline,1,[8520110]
D013778,tetrazolium salt,1,[28309455]
D013779,tetrodotoxin,2,"[16348162, 19665158]"
D013831,thiamine,1,[22072996]
D013885,thiosulfate,6,"[19730970, 20725529, 16269773, 10741832, 10966393, 10919760]"
D013885,thiosulphate,1,[9734024]
C514237,thiotaurine,3,"[12443924, 18396164, 9436533]"
D013910,thorium,3,"[17744412, 17818998, 17780174]"
C000615163,thorium-230,4,"[17798520, 9563946, 17847309, 17799981]"
D013912,threonine,2,"[17753956, 19181663]"
D013936,thymidine,2,"[12024238, 17734142]"
D014025,titanium,2,"[22352335, 22795490]"
D014050,toluene,5,"[8579820, 11372653, 7613006, 22717885, 18286224]"
D014112,toxaphenes,1,[10705542]
D014199,trehalose,1,[16926183]
D014280,triacylglycerols,3,"[15908251, 18773201, 20549377]"
C011559,tributyltin,3,"[12387391, 19680591, 11833489]"
C005830,tributyrin,3,"[17126562, 18051271, 18461394]"
D014233,tricarboxylic acid,4,"[18503548, 16269773, 21602357, 11963894]"
D014280,triglyceride,1,[14600400]
D014280,triglycerides,1,[18461394]
C023336,trimethylamine,1,[12115917]
C005855,trimethylamine N-oxide,4,"[18541011, 25575382, 17220442, 17252516]"
C005855,trimethylamine oxide,4,"[12115917, 25575382, 11170013, 17252516]"
C005855,trimethylamine-N-oxide,1,[6139233]
C036694,trimyristin,1,[18051271]
C030665,triphenyltin,1,[19680591]
D014312,trisaccharide,1,[23411445]
D014315,triterpenoid,1,[9560807]
D014364,tryptophan,1,[2882764]
D014439,tyramine,1,[9148611]
D014443,tyrosine,1,[17753956]
D014451,ubiquinone,1,[20228216]
D005231,unsaturated fatty acid,1,[16348900]
D006838,unsaturated hydrocarbons,1,[6518760]
D014501,uranium,4,"[17798520, 16592185, 19362761, 14689997]"
D014508,urea,9,"[12115917, 16345148, 21181485, 22266402, 22695863, 8727645, 17900925, 6139233, 15651637]"
D014529,uridine,1,[17734142]
D014574,uronic acid,1,[8823906]
D014574,uronic acids,3,"[10399301, 9336897, 12732953]"
D014631,valerate,1,[16348934]
D014633,valine,1,[17753956]
D014639,vanadium,2,"[17831356, 22795490]"
D014801,vitamin A,1,[13279000]
D014859,warfarin,1,[15501835]
D014867,water,524,"[17807290, 19030606, 20703316, 20959156, 22723855, 20805986, 22822404, 22900608, 22589401, 18986686, 23054914, 20436906, 23071660, 22355782, 20838422, 17108962, 20099811, 21673885, 15598497, 14600400, 14569147, 21432276, 21196163, 18964014, 21829635, 18756250, 17405207, 17690230, 11323666, 974915, 19033145, 19943883, 18648877, 20444722, 21695118, 18227517, 19829317, 21753044, 22090391, 23761360, 12115917, 20689848, 21252369, 1543716, 2926694, 10788350, 22352335, 21985648, 17507981, 15134883, 21526147, 3837033, 11932742, 18560569, 14871359, 12460284, 22457975, 20483434, 21535364, 10967208, 11541238, 16957893, 22951970, 20532040, 2543729, 15005139, 17742965, 22298806, 15136755, 16598154, 15888420, 21483744, 26486501, 22295084, 21611159, 17799186, 19307564, 22449300, 18197243, 11341702, 10705541, 16015263, 19901326, 16871216, 19405196, 11076735, 20628613, 18175939, 17753956, 14961338, 17725572, 11538298, 12387391, 12815427, 15357406, 12853947, 10864322, 23050445, 8577156, 19873754, 17815194, 21167065, 12024238, 12459585, 22176231, 17939990, 17802088, 9319263, 12398406, 10993072, 10568266, 11589224, 17731593, 10724166, 24227320, 23049527, 17778805, 20382244, 20203858, 20219706, 1217333, 19057844, 15811801, 23227254, 16057954, 7167812, 17901296, 12420966, 15186353, 15947183, 17777883, 11543281, 21232364, 17731184, 17097733, 21282152, 17837191, 19419092, 10901654, 15938401, 17780477, 17818162, 4422739, 28306899, 15198039, 17734497, 17759681, 17835102, 17753598, 24241017, 17843838, 17821177, 21748268, 21532967, 20403651, 15887080, 17828281, 19062646, 23263870, 17778052, 19543943, 16346061, 14711622, 23178837, 22842293, 20178642, 11282630, 17956843, 16205985, 11071152, 22840702, 23028551, 17693704, 9589890, 10015684, 21321442, 12685756, 10705542, 15947184, 10568278, 22671553, 28312079, 17790825, 19014525, 18422956, 16345220, 15986409, 18803646, 19712334, 10682922, 11008690, 9929396, 14567942, 20673676, 11541880, 11827122, 23239531, 17839484, 14412407, 18062265, 17755361, 17878949, 17775272, 12024255, 17819041, 22696167, 19528051, 19542347, 23185341, 21359849, 19954231, 15197255, 20687053, 10591013, 22403671, 1314046, 11060226, 22194903, 17802169, 21106571, 9488347, 22916172, 17778656, 20856898, 22688244, 20946529, 14603316, 21072925, 18758902, 22571287, 12819275, 20410033, 14657132, 11875565, 10708752, 7683390, 12325458, 22207784, 17809906, 16136140, 18494572, 6946468, 703651, 18387836, 8061565, 9317364, 18321400, 10707817, 22034946, 13194638, 14575324, 22675595, 8520439, 8318223, 22066702, 18804843, 21829613, 18626013, 20886337, 20365863, 6841092, 19125919, 20576848, 24213898, 21829500, 21210490, 15595615, 9563946, 2884671, 17815318, 28308732, 22537881, 10550046, 11537610, 20555404, 16894174, 15648826, 19547939, 18583004, 1823480, 22834904, 20236170, 17835184, 15087505, 16486462, 10521345, 12502318, 22378534, 22071347, 24227319, 20558688, 18082844, 12782476, 9421576, 16782605, 15976299, 15539598, 16289233, 11589227, 17015966, 11518963, 20508128, 16003476, 22575964, 19437605, 20668490, 16050043, 21199255, 23029463, 21072199, 11372653, 17750664, 17412954, 18059497, 20668488, 18217349, 18723648, 19891493, 19018285, 17777050, 16332791, 11786639, 22496594, 22509040, 19218488, 21993785, 19680591, 18328553, 15616560, 21852920, 21394432, 29303640, 20935062, 17802550, 17834718, 10568292, 16068166, 16307081, 17469251, 9528167, 17730814, 17314978, 11413650, 17810867, 17829115, 20034233, 21722115, 16836112, 22222829, 16876294, 17581581, 17839182, 33863010, 9145497, 17735050, 17750341, 22737147, 21966922, 18654820, 17062873, 14676368, 17777185, 11285888, 17799981, 2264685, 2319435, 20890848, 14628063, 11697251, 30261710, 10988063, 22203820, 11309613, 20536006, 27068208, 16689872, 9657711, 14645702, 11739953, 18793309, 18852450, 16791191, 16322451, 22554535, 14969445, 17469254, 16905428, 15198040, 14561271, 18273144, 23272075, 22810695, 10821740, 19712305, 12927137, 12171406, 17839929, 17751905, 18478171, 15648827, 22165213, 15689218, 20736401, 16627689, 11536615, 20665300, 18445026, 23226143, 8045315, 11125138, 16846197, 3696196, 24254799, 16397495, 15810553, 17734142, 19551410, 21238259, 22837002, 17257336, 20813984, 17436046, 16346684, 14654285, 12917681, 22678287, 14689997, 12154613, 11693652, 15292952, 11760185, 16959888, 18941307, 9134716, 18762282, 16525471, 17841714, 12521155, 10879855, 20689841, 17153351, 21385593, 19389161, 16403883, 15315939, 15022767, 5657061, 17569824, 10075759, 23133679, 22695860, 12374975, 17904216, 9652127, 29304574, 17928520, 12597171, 7404850, 21890672, 18627412, 12003210, 16876445, 22040283, 15879252, 14601411, 22130603, 16307087, 16119857, 7869380, 12366050, 12226673, 1107762, 17687593, 22458221, 21279559, 18852093, 18092962, 10769160, 7576347, 19137722, 22144623, 18852090, 15651637, 22949646, 18444999, 20541320, 16612659, 12487523, 11008691, 10766240, 9143756, 16189794, 14649862, 9299050, 20615296, 20454515, 16794077, 22809182, 18491617, 23761358, 18368287, 22133021, 21981709, 16349073, 21525990, 20228216, 20228212, 18286224, 10919760, 6518760, 20640522, 11607020, 11605481, 17795002, 15870315, 17252516, 19484022, 15092824, 28309455, 22392619, 22046287, 21688032, 21597940, 19477106]"
C002563,xanthan,1,[8572714]
D014990,xylan,3,"[19709244, 11594610, 11963894]"
D014990,xylans,1,[10591017]
D014992,xylene,1,[18286224]
D014992,xylenes,1,[22717885]
D014994,xylose,5,"[10758895, 10591017, 15595615, 17015966, 11963894]"
